nota1,nota2,aprovado
34.62365962451697,78.0246928153624,0
30.28671076822607,43.89499752400101,0
61.10666453684766,96.51142588489624,1
75.02474556738889,46.55401354116538,1
95.86155507093572,38.22527805795094,1
75.01365838958247,30.60326323428011,0
82.30705337399482,76.48196330235604,1
69.36458875970939,97.71869196188608,1